id,nom,email,date_inscription
1,Christopher Lara,edwardbrennan@hernandez.com,2024-08-14
2,Taylor Holmes,mmitchell@williams-carr.com,2024-05-10
3,Elizabeth Buckley,leeashley@gmail.com,2024-10-28
4,Renee Chen,thompsonwilliam@yahoo.com,2024-02-07
5,David Taylor,renee61@wiggins.info,2024-07-30
6,Carl Mccarthy,iterry@johnson.com,2024-01-08
7,Monica Barker,reginasmith@moore.info,2024-01-09
8,James Graves,karensanders@mack.info,2024-03-19
9,Elizabeth Franklin,hsimpson@murray.com,2023-12-14
10,Jason Boyle,juanjones@gmail.com,2024-06-09
11,Erik King,millerkenneth@torres-dunn.com,2024-01-21
12,Michele Mills,davidwhite@gmail.com,2024-10-11
13,Mrs. Dana Ruiz,ashlee63@hotmail.com,2025-01-22
14,Joseph Poole,hgomez@hotmail.com,2024-08-17
15,Jordan Crawford,matthew60@hotmail.com,2025-04-08
16,Alicia Frank,xdavis@brown-martin.com,2024-11-07
17,Gilbert Wilkerson,blackburnrobert@yahoo.com,2025-06-21
18,Eric Wheeler,christopherlane@yahoo.com,2025-01-22
19,Mark Thompson,craigsexton@hotmail.com,2024-05-22
20,Eric Lynch,dawn86@gmail.com,2024-09-04
21,Brandon Benson,joellewis@gardner.com,2024-01-08
22,Sara Roberts,ronaldrogers@barnes.com,2024-09-09
23,April Jones,haydenjones@hotmail.com,2023-11-30
24,Gerald Crane,dawsonkenneth@hotmail.com,2023-11-05
25,Cassandra Archer,andersonbelinda@gmail.com,2025-01-06
26,Chad Garcia,ronaldwarner@chavez.com,2023-08-27
27,Kaitlyn Rowland,wolson@fischer-walker.net,2023-07-13
28,Russell Mckay,daviscarolyn@gordon.biz,2023-08-18
29,Ashley Garcia,courtneymoran@keller-wheeler.info,2023-09-06
30,Kristi Caldwell,cookalyssa@gmail.com,2024-01-06
31,Zachary Norton,danielsrenee@blanchard-bradley.org,2025-05-13
32,Paula Martinez,avazquez@booth-coleman.com,2023-10-29
33,Eric Watkins,zmiranda@gmail.com,2023-09-09
34,Kevin Sosa,kenneth81@lester.com,2023-10-17
35,Julie Tran,ariana44@gmail.com,2023-11-08
36,Rhonda Clark,jasonroman@donovan-huffman.net,2024-09-27
37,Michelle Gonzalez,williamsbrenda@yahoo.com,2024-03-06
38,Marisa Henry,sarah79@yahoo.com,2024-03-06
39,Allison Torres,juliathompson@yahoo.com,2024-05-01
40,Francisco James,anthonywu@brown.com,2024-09-24
41,Jenna Long,markmccormick@raymond.com,2025-04-09
42,Kevin Alvarez,angelacortez@steele.net,2024-06-17
43,Thomas Jackson,haleyrachel@hotmail.com,2025-06-04
44,Jordan Simpson,sharoncurtis@stevenson.com,2024-04-19
45,Brenda Delgado,carlos90@carroll.com,2023-11-15
46,Karen Holmes,michelle20@gmail.com,2025-01-04
47,Preston Wallace,joycedaniel@yahoo.com,2025-04-12
48,Paul Hampton,victor48@yahoo.com,2023-07-01
49,Dr. Allison Hernandez,lelarry@hotmail.com,2024-09-18
50,Tara Vang,conwaykimberly@murphy.com,2025-03-15
51,Mrs. Angela Travis,adamsfernando@gmail.com,2023-08-16
52,Susan Mendez,ctate@miller.biz,2023-09-22
53,James Kane,pattersonaaron@gmail.com,2025-05-11
54,William Carter,paulchristopher@gmail.com,2024-04-03
55,Maria Williams,cooktyler@hotmail.com,2024-09-26
56,Edward Acosta,ihall@yahoo.com,2025-01-22
57,Kylie Gardner,alexander50@doyle-williams.biz,2025-05-09
58,Richard Nguyen,npadilla@gmail.com,2025-01-10
59,Jeremy Morton,tiffanythompson@cox.com,2024-11-11
60,John Ingram,fitzpatrickbonnie@yahoo.com,2025-03-07
61,Alex Cobb,zwells@gmail.com,2025-02-28
62,George Stevens,robert25@floyd-ellis.info,2023-09-28
63,Nicholas Lewis,john20@yahoo.com,2024-07-15
64,Victor Sanders,cbrown@smith-wheeler.info,2025-01-31
65,Kristen Baldwin,melissa37@hotmail.com,2025-01-15
66,Kathryn Le,xhill@vazquez.net,2024-07-26
67,Paul Nguyen,lauren48@hotmail.com,2023-11-05
68,Kathleen Terry,christine65@gmail.com,2024-08-24
69,David Schmidt,frankmurphy@ryan-gardner.com,2025-01-07
70,Johnny Martinez,smoss@baxter-ramirez.com,2025-03-30
71,Tyler Brock,drichardson@hotmail.com,2024-02-23
72,Aaron Jones,javier59@collins.com,2025-03-13
73,Elizabeth White,stephensheather@hotmail.com,2024-01-06
74,Teresa Morales,brittany00@howard.com,2025-03-11
75,Jeffery Bright,omoore@wilson.com,2023-08-31
76,Julia Harris,vsimmons@gmail.com,2024-01-12
77,Heather Hart,jennifermartinez@scott.biz,2025-05-30
78,Luis Garrison,rcastillo@gmail.com,2023-09-12
79,Ashley Parker,yjordan@moore-mendez.info,2025-05-15
80,Diana Ross,rodriguezwilliam@yahoo.com,2024-03-30
81,Anthony Johnson,veronica31@kramer.info,2023-08-01
82,Mark Spencer,joseph38@gonzalez.com,2024-06-29
83,Peter Lawson,stephensdaniel@yahoo.com,2023-07-02
84,Shawn Reed,robinsonthomas@huff.com,2025-01-19
85,Nathaniel Leonard,cynthia40@gmail.com,2024-12-30
86,Hannah James,jsanders@henderson-smith.com,2024-04-19
87,Kevin Tucker,xhughes@peters.com,2024-11-27
88,Robert Williamson,joshua94@thomas.com,2024-07-10
89,Jonathan Johnson,thomas67@brown.org,2025-03-03
90,Leslie Robbins,rioshenry@adams.info,2024-01-16
91,Erin Sandoval DVM,bellkimberly@hotmail.com,2024-12-13
92,Sheila Short,aaron72@foster.com,2024-04-24
93,Nicole Bennett,dean69@gmail.com,2024-01-18
94,Todd Yang,huffalyssa@little.org,2023-10-25
95,Brett Welch,changallison@gmail.com,2023-08-31
96,Michelle Carpenter,dawn00@hotmail.com,2023-09-10
97,Megan Cobb,rshannon@hunt.com,2024-01-29
98,Whitney Rodriguez,jharris@phillips-davis.com,2024-07-25
99,Kimberly Roth,baileypaul@gmail.com,2024-09-01
100,Michelle Wallace,lrose@gmail.com,2025-02-22
101,Felicia Christian,allisongary@gmail.com,2024-09-20
102,Debra Rodriguez,srodriguez@manning.com,2025-06-24
103,Regina Mcneil,fitzgeraldchristopher@novak.com,2023-12-01
104,Kimberly Griffin,wrodgers@yahoo.com,2024-10-17
105,Ms. Amanda Hall,yeseniaking@roberts.com,2023-10-02
106,Christopher Dickson,patriciaholland@yahoo.com,2024-03-09
107,Nicholas Perkins,hamptonsusan@gmail.com,2025-03-14
108,Mr. Joseph Porter,adamsrhonda@hotmail.com,2025-05-13
109,Vickie Sparks,dennismorris@gmail.com,2025-02-26
110,Allison Lopez,ythomas@rose.com,2025-05-18
111,Emily Davis,boltontimothy@yahoo.com,2025-05-31
112,Andrew Huff,lucerorobin@anderson.com,2024-11-15
113,Aaron Perry,mbeck@norris.net,2023-08-27
114,Lauren Henry,elizabeth83@jimenez.com,2024-11-27
115,Sarah Ward,norrisrobert@montgomery-ball.info,2024-02-05
116,John Huff,jennifer59@hotmail.com,2024-10-07
117,Daniel Williams,jeffersonbilly@wade-morgan.com,2024-01-06
118,Scott Padilla,michaelmaddox@yahoo.com,2024-02-13
119,Cody Myers,diana40@yahoo.com,2023-06-25
120,Daniel Johnson,sandrawhite@yahoo.com,2023-10-18
121,Greg Price,rgibson@aguilar-escobar.com,2024-09-17
122,Jamie Larson,torresjerome@yahoo.com,2023-12-10
123,Elizabeth Campbell,kevans@yahoo.com,2023-08-14
124,Debbie Wright,pdaniels@yahoo.com,2025-03-19
125,Richard Reynolds,wnavarro@santana-flores.info,2024-02-26
126,Karen Joseph,kristi92@owens.com,2024-01-16
127,Stacey Greene,jasonbrown@gmail.com,2024-11-30
128,Claire Pena,johnsontammy@randall-huff.com,2024-02-09
129,Emily Ramos,michelehahn@jacobson.info,2024-04-01
130,David Turner,greenejerome@nicholson.net,2024-01-08
131,Kerri Griffith,michelle83@hull.info,2023-11-12
132,Angela Adams,millermelody@yahoo.com,2025-01-11
133,Nathan Turner,kyle03@davis.com,2024-08-13
134,Emily Moses,munozmichael@hotmail.com,2025-03-14
135,Javier Burns,brittany33@gmail.com,2025-02-14
136,Lauren Riddle,gonzalezjose@gmail.com,2024-06-07
137,James Hammond,wanda96@gmail.com,2024-05-06
138,Peter Jensen,yvargas@hotmail.com,2025-04-29
139,Frank Heath,michael72@bishop.com,2023-09-29
140,Deborah Horn,hgarcia@kennedy.com,2024-07-11
141,Andrea Lutz,jennifer18@hotmail.com,2025-04-21
142,Kelly Murray,velasquezlori@lee.net,2024-06-15
143,Zachary Nielsen Jr.,ramirezgary@young-martinez.com,2025-03-30
144,Cristina Brown,bethpowell@yahoo.com,2023-11-01
145,Kaitlyn Lyons,staceymatthews@smith.com,2024-10-16
146,Jacob Peterson,bchapman@yahoo.com,2024-03-17
147,Caleb Martinez,oflores@hotmail.com,2023-11-10
148,Veronica Edwards,kimberlycamacho@yahoo.com,2023-08-31
149,Brianna George,myersjason@shepherd.com,2024-06-13
150,Carolyn Barber,cheryl19@clark-watson.com,2024-10-31
151,Nathan Adkins,kenneth69@yahoo.com,2024-11-03
152,Johnathan Brown,pamelajordan@gmail.com,2025-03-13
153,David Allen,blacklisa@hernandez.com,2023-10-04
154,Gail Buckley,kevin78@yahoo.com,2024-09-28
155,Aaron Santana,karendelgado@gmail.com,2024-08-05
156,Sarah Johnson,kayla21@hotmail.com,2024-06-01
157,Matthew Bowen,ethomas@brown.biz,2025-05-11
158,Trevor Jackson,michelle16@yahoo.com,2024-01-13
159,Anthony Delacruz,breannamorrison@yahoo.com,2024-07-28
160,Robert Rodriguez,lreyes@clark.com,2024-09-01
161,Robert Perkins,jordanheather@yahoo.com,2024-12-28
162,Gregory Sullivan,montgomeryandrea@gmail.com,2024-05-26
163,Mrs. Heather Peters,normanmichael@moore.net,2023-09-20
164,Heidi Peters,udunn@dickerson.com,2024-06-10
165,Jason Miller,browndeborah@gmail.com,2025-03-28
166,John King,kristen71@yahoo.com,2024-05-18
167,Alicia Perez,vgarcia@clark-barnes.com,2025-01-25
168,Theresa Cline,jennifer65@chavez-hoover.com,2024-05-23
169,Amy Ruiz,william98@thomas.com,2025-06-06
170,Anthony Fernandez,taylor94@yahoo.com,2024-10-25
171,Jeffrey Randolph,lisacollins@hotmail.com,2024-03-13
172,Michael Brewer,owilson@wright.biz,2024-11-03
173,Michael Mcconnell,ksanders@gmail.com,2024-02-20
174,Kristina Huff,wernervictor@yahoo.com,2025-04-30
175,Michael Turner,joelallen@yahoo.com,2023-10-20
176,Justin Dunn,patriciaramirez@gmail.com,2024-11-22
177,Robert Swanson,jamesrodriguez@lee.org,2024-05-02
178,Kevin Henry,rebecca82@sanchez.com,2024-12-08
179,Paula Ray,christinejones@griffith.biz,2024-10-22
180,Daniel Walker,hcooper@gmail.com,2023-09-19
181,James Reed,sotolynn@williams-rivera.com,2023-11-28
182,Elizabeth Johnson,steven79@richardson-kelley.info,2025-05-07
183,Courtney Francis,kennedycharles@yahoo.com,2023-09-28
184,Samuel Wheeler,danielburns@gmail.com,2024-12-21
185,Lisa Harrington,erik44@hamilton.org,2025-01-16
186,Karen Molina DDS,millermorgan@hotmail.com,2025-02-16
187,Brittney Robinson,tricia64@yahoo.com,2023-07-25
188,Joshua Watts,hammondchloe@yahoo.com,2023-11-16
189,Jaime Wilson,amanda73@gmail.com,2023-11-23
190,Andrew Williams,adamsmike@hotmail.com,2023-10-16
191,Michael Dawson,robertschristina@hunter.com,2024-03-17
192,Jennifer Jones,william69@hotmail.com,2023-09-08
193,Paul Deleon,millsmatthew@collins-gamble.com,2023-12-06
194,Pamela Williams,craig01@yahoo.com,2024-09-17
195,Matthew Adams,bobbyliu@gmail.com,2025-01-29
196,Lisa Anderson,kylebradshaw@meyers-smith.com,2025-05-23
197,Nicole Wong,villacindy@gmail.com,2023-07-10
198,Richard Patterson,brendarivera@cooper.com,2024-10-17
199,Rose Richmond,rachel35@yahoo.com,2024-02-23
200,Martin Brown,ogordon@kelley.com,2025-01-13
201,Rodney Lozano,wcortez@gray-jenkins.com,2025-04-27
202,Michael Hines,cmay@tucker-craig.net,2023-07-15
203,Jacob Martin,middletoncalvin@hotmail.com,2025-01-28
204,Kelly Stanley,garciadanielle@nelson.info,2025-01-20
205,Richard Sanchez,howelldaniel@webb-watkins.net,2023-08-21
206,Melissa Lyons,jasonellis@hotmail.com,2023-12-07
207,Lisa Gregory,scompton@yahoo.com,2024-10-24
208,Bradley Gonzales,johnsonjoyce@yahoo.com,2025-02-02
209,Mr. Mike Castillo,qburke@garcia.biz,2024-10-09
210,Michael Martin,pbrown@robertson-martinez.net,2024-07-21
211,Mary Moore,alexandra86@gmail.com,2023-11-12
212,Miss Jennifer Morris,sarah49@garcia-cole.org,2024-09-15
213,Michael Burke,allenmark@harris-white.biz,2025-03-10
214,Scott Kaufman,linroger@hotmail.com,2024-01-12
215,Justin Miller,hernandezjade@herrera.biz,2025-01-05
216,James Holmes,cstrickland@butler.info,2025-05-10
217,Andrew Rice,umurray@wright.com,2025-05-18
218,Lauren Fischer,richardspaula@yahoo.com,2025-06-13
219,Fernando Elliott,jenniferthomas@yahoo.com,2024-04-10
220,Jason Nelson,bschroeder@gmail.com,2024-02-06
221,Miguel Simmons,obrienjason@fischer.info,2024-01-12
222,Brian White,pbryant@allen.com,2023-07-30
223,Paul Ryan,megan89@pope-salazar.net,2023-12-07
224,Nancy Kaufman,dustinlane@bruce.org,2024-10-26
225,Thomas Martin,ryanjones@gmail.com,2025-04-29
226,Rodney Williams,dianebrooks@mitchell.com,2025-03-07
227,Linda Barnes,ugoodwin@gmail.com,2023-12-11
228,Micheal Johnson,christopher93@chan.com,2025-05-07
229,Theresa Hall,sjones@yahoo.com,2023-08-24
230,Stephen Martinez,christinewest@rojas.com,2023-09-14
231,Glenn Smith,hneal@faulkner.com,2024-05-19
232,Donald Henry,pachecobrandon@yahoo.com,2023-07-07
233,Chad Butler,moralesnicholas@ellis-garcia.com,2024-01-01
234,Heidi Marshall,gregoryfranklin@gmail.com,2024-01-04
235,Alexandria Brooks,amber43@gray-king.com,2023-09-25
236,Jessica Thompson MD,dustin94@yahoo.com,2023-11-08
237,Stacy Clarke,rsmith@turner.com,2024-03-02
238,Michael Hughes,gregorynewman@rodriguez.org,2025-03-12
239,Alexa Dudley,millertrevor@hotmail.com,2023-09-07
240,Henry Arroyo,lawrencesalazar@hotmail.com,2024-10-02
241,Susan Strong,edwardstafford@gmail.com,2023-11-30
242,Mary Madden,lisa27@yahoo.com,2023-10-14
243,Lorraine Horton,taylorkristin@hotmail.com,2024-02-21
244,Noah Walsh,harriscynthia@gmail.com,2024-04-27
245,Mary Torres,shortscott@hotmail.com,2024-12-03
246,Danny Cox,davischristopher@mathis.org,2023-11-16
247,Rachel Meyer,emarshall@yahoo.com,2024-12-26
248,Scott Bowen,peggyjones@yahoo.com,2025-03-19
249,Jennifer Everett,orredward@hotmail.com,2025-03-05
250,Daniel Mccall,megan21@hotmail.com,2023-09-03
251,Lauren Edwards,josephcharles@ferguson-guerrero.com,2023-08-25
252,Jack Williams,garysanchez@harper-sanchez.com,2025-02-19
253,Jennifer Franklin,roger10@hotmail.com,2024-11-08
254,Christopher Jones,finleyamanda@hotmail.com,2024-02-02
255,John Wells,kristina60@ochoa.com,2024-12-25
256,Andrew Peters,newtondawn@jimenez-underwood.com,2024-03-12
257,Michelle Schneider,williamssheila@wilson.com,2025-03-12
258,Paul Hutchinson,johnsonmichael@ramirez.net,2023-07-01
259,Jack Martinez,morriselizabeth@phelps.com,2024-10-20
260,Tabitha French,heidihansen@hotmail.com,2023-10-01
261,Donna Carey,kevin15@yahoo.com,2025-03-03
262,Charles Owens,smiller@wilson.com,2024-11-03
263,Daniel Rodriguez,kimberly11@hotmail.com,2023-08-19
264,Katherine Brock,woodsaustin@moon.net,2023-11-05
265,Christina Johnson,amandawells@pratt.com,2024-12-26
266,Timothy Adams,joshua91@gmail.com,2023-12-22
267,Destiny Thomas,rachelcooke@yahoo.com,2023-09-06
268,Cynthia Ware,juanrodriguez@smith.com,2024-08-10
269,Steven Lowery,udouglas@yahoo.com,2024-07-14
270,Robert Estrada,odonnellangela@yahoo.com,2023-09-27
271,Gene Spencer,mnolan@yahoo.com,2024-08-29
272,Derek Campbell,brittany86@hotmail.com,2024-11-02
273,Yolanda Hall,kathryn17@hoffman.net,2023-07-29
274,Angela Miller,erikasoto@yahoo.com,2024-08-10
275,Kathryn Green,ccampbell@parker-hansen.org,2024-08-27
276,Mr. Bobby Park,stewartteresa@thompson-lucas.com,2024-11-13
277,Jeffrey Vasquez,brownbryan@harrison-bell.com,2024-08-17
278,Kelly Murray,brittanyreed@yahoo.com,2023-08-23
279,Benjamin Young,angelapena@wilcox.com,2025-03-03
280,Sarah Harvey,pwolfe@hotmail.com,2024-02-08
281,Michael Wagner,josephkennedy@cole-harris.com,2025-03-08
282,Craig Daniels,marissa56@gmail.com,2023-07-02
283,Antonio Gibson,megan55@bailey.com,2023-11-27
284,Kathy Rose,allenandrew@yahoo.com,2024-01-24
285,Christian Peters,kathychandler@hotmail.com,2023-08-14
286,John Adams,kennedyjames@yahoo.com,2024-07-06
287,Paige Marsh,karacarroll@gmail.com,2025-04-22
288,Barbara Gallagher,jason58@romero.biz,2024-10-05
289,Bryce Hammond,rsmith@gmail.com,2024-10-03
290,Melanie Clark MD,blevinsryan@hotmail.com,2024-10-12
291,Brian Gutierrez,helenacosta@yahoo.com,2024-04-08
292,Amber Dillon,austinbarbara@phillips.info,2023-12-18
293,Rachael Long,zgutierrez@yahoo.com,2025-01-29
294,Monique Lewis,mthornton@hotmail.com,2025-04-18
295,Jennifer Thomas,johnmason@hansen-tran.com,2023-12-26
296,Justin Malone,paulrussell@gmail.com,2025-06-20
297,William Levine,james75@carter.com,2025-02-24
298,William Johnson,jacksonlisa@gmail.com,2025-01-29
299,Matthew Blackwell,davidblair@yahoo.com,2024-10-19
300,Andrew Snow,michael41@fisher.com,2023-08-30
301,Kim Cohen,destinyphillips@yahoo.com,2025-02-11
302,Mr. Richard Wright MD,heatherbauer@navarro-nolan.com,2024-02-17
303,Derrick Campbell,doughertykaren@mitchell-barnes.org,2023-09-17
304,Connor Brown,juliapatterson@gmail.com,2024-04-29
305,Sara Meyer,anthony31@yahoo.com,2024-07-04
306,William Clements,donovansteven@johnson-day.com,2023-12-10
307,Kristen Bonilla,chris82@thomas.com,2025-01-16
308,Thomas Campbell,xriggs@bishop.biz,2024-08-30
309,Michael Murray,qdavis@gmail.com,2025-04-18
310,Wendy Alexander,spearsdanielle@yahoo.com,2023-11-12
311,Cindy Nelson,xsmith@hotmail.com,2025-01-15
312,Brian Davis,tinaalvarez@bryant.com,2024-03-02
313,Gloria Lopez,nashsheila@wilson.com,2023-11-05
314,Sarah Archer,sandrarios@wright.com,2024-08-08
315,Joanna Charles,nelsonlaura@gmail.com,2025-03-25
316,Mrs. Jasmine Caldwell,adamsmichael@mathews.net,2025-03-29
317,Joe Fisher,pduke@hotmail.com,2025-03-28
318,Mr. Christopher Wilson,fthomas@yahoo.com,2023-12-27
319,Shane Duncan,lreed@hotmail.com,2024-04-07
320,Cameron Shepard,olucas@yahoo.com,2023-08-26
321,Susan Fitzgerald,davidferguson@hotmail.com,2025-06-17
322,Amanda Wilson,ssimpson@hotmail.com,2024-05-05
323,Reginald Walker,richardsonlori@kim.com,2024-05-31
324,Erik Baldwin,smithkimberly@smith-davis.com,2024-04-10
325,Becky Tate,henryandrew@caldwell-morris.org,2023-09-09
326,Jessica Jackson,steven10@hotmail.com,2023-12-30
327,Karen Morton,richard89@kramer.biz,2024-04-25
328,Tiffany Craig,heatherquinn@yahoo.com,2025-04-12
329,Kevin Glenn,scottmiranda@hotmail.com,2024-11-17
330,Dr. Michael Scott,bradypamela@smith.com,2024-02-24
331,Robert Williams,jacksonjohnny@salas-arnold.com,2024-02-20
332,Angela Alexander,fieldscraig@hotmail.com,2024-01-13
333,Jessica Richards,stevepatton@lee.info,2023-11-13
334,Robert White,michaelmartin@conrad.info,2024-12-28
335,Emily Crawford,whitakermelissa@burke.com,2025-03-20
336,Kathy Mccann,markgonzalez@hotmail.com,2024-01-28
337,Isaiah Mata,dwilliams@gmail.com,2024-11-30
338,Natalie Scott,jphillips@hotmail.com,2023-12-31
339,Susan Baldwin,warrenvictor@blackwell.biz,2024-12-19
340,Allen Martinez Jr.,phillipdavis@hotmail.com,2024-02-22
341,Kenneth Austin,tammy94@hotmail.com,2025-02-20
342,Jessica Salinas,grayjohn@gmail.com,2025-03-21
343,John Smith,nathandixon@mcneil-fisher.net,2023-11-24
344,Pamela Nguyen,michelle03@flores-herring.com,2024-11-09
345,Sherry Taylor,melissa96@lambert.com,2024-11-05
346,Emily Edwards,graygregory@nelson-brown.info,2023-07-26
347,Chris Lindsey,mayssarah@hayes.net,2023-09-07
348,Mark Suarez,joseph09@gmail.com,2025-04-03
349,Matthew Coleman,stephanie35@ortiz.net,2025-04-03
350,William George,seanwilliams@yahoo.com,2025-02-27
351,Dylan Ramirez,vincent78@hotmail.com,2024-06-06
352,Pamela Vazquez,margaretheath@hotmail.com,2024-03-26
353,Lori Harper,ywarren@lowe.org,2023-10-15
354,Brenda Mccarthy,sarahpatton@gmail.com,2024-12-23
355,Amy Sharp,anthony14@hotmail.com,2024-03-11
356,Andrew Oconnor,mhunter@hotmail.com,2024-01-24
357,Dustin Hall,josephbowen@gmail.com,2025-04-03
358,Mathew Peterson,mroberts@gmail.com,2024-10-25
359,Terri Smith,brian50@smith.info,2024-03-26
360,Elizabeth Gutierrez,moralestodd@hotmail.com,2024-11-03
361,Keith Swanson,davisdavid@brown-lowe.net,2025-06-24
362,Leslie Campbell,lisanelson@smith.com,2025-01-13
363,Kelly Schwartz,nicholas11@hotmail.com,2024-05-24
364,Brendan Rivera,robingonzalez@martinez.com,2025-06-20
365,Aaron Davis,heatherwright@barton.info,2023-07-07
366,Tammy Porter,christina74@gmail.com,2024-04-27
367,Nicole Mendoza,anthony01@hotmail.com,2025-03-24
368,Charles Ramsey,snydersteven@west-taylor.info,2024-05-30
369,Lauren Thornton,jenkinsmolly@nelson-torres.info,2025-02-25
370,Sarah Rodriguez,carlsontodd@yahoo.com,2023-09-13
371,Jordan Price,hendersonryan@lane.com,2024-02-05
372,Joann Harris,pwillis@gmail.com,2024-09-15
373,Michael Gordon,kyle45@cruz.com,2023-11-27
374,Katrina Patel,bmartinez@hotmail.com,2024-02-28
375,Amy Murphy,jessicathomas@gmail.com,2023-09-25
376,Christopher Miller,johnsoncarolyn@mejia.net,2025-06-17
377,Jill Ellis,ymorales@wells-wilson.info,2024-09-08
378,Jamie Holt,sperry@gmail.com,2024-10-04
379,Kara James,breannaparks@yahoo.com,2023-07-20
380,Gabriella Burke,ramseylarry@hotmail.com,2025-03-06
381,Jessica Velasquez,aprilfuller@yahoo.com,2023-11-14
382,Mario Davis,harry81@bradford.info,2023-08-14
383,Joshua Morse,sarahperez@callahan.com,2024-07-01
384,Julie Owens,rollinsluke@williams.info,2024-09-07
385,Mary Lamb,lindseyleslie@moss.com,2023-07-03
386,Richard Fox,andrewsmiranda@gmail.com,2023-09-04
387,Bradley Taylor,anthony90@wilson-thompson.com,2024-05-03
388,James Griffith,rachelhernandez@thomas-brady.com,2025-05-31
389,Miguel Smith,garrettgonzalez@wilson.biz,2024-03-31
390,Alexander Lyons,robertogamble@khan-johnson.com,2023-07-12
391,Patricia Hardy,nflores@gmail.com,2024-07-04
392,Lisa Clayton,bguerrero@medina-boone.org,2024-08-19
393,Gloria Gordon,scottrivera@gmail.com,2024-02-29
394,Connie Gilbert,sgutierrez@yahoo.com,2025-02-10
395,Amanda Hernandez,jeffrey82@yahoo.com,2024-07-29
396,Jeremy Haley,marytodd@martinez.com,2024-11-30
397,Gary Rios,bjimenez@stark.com,2023-11-05
398,James Mitchell,coxangela@rose-jenkins.com,2024-01-13
399,Lori Wong,vancejoseph@allen.org,2023-11-15
400,Theodore Brandt,morriseric@patterson.com,2025-06-23
401,Louis Hall,brandon24@yahoo.com,2025-01-17
402,Daniel Stephens,richardsonraymond@watkins.com,2023-08-16
403,Deborah Allen,stricklandjessica@gmail.com,2025-01-22
404,Anthony Mccoy,greenekayla@armstrong-contreras.info,2024-01-18
405,John Hamilton,pholmes@gmail.com,2024-03-22
406,Jose Reilly,cwolf@harvey.com,2024-07-14
407,Erin Martinez,stephenwatson@gmail.com,2025-04-11
408,Katrina White,maynardjames@hotmail.com,2024-12-28
409,Danny Davis,christopher51@hotmail.com,2024-07-09
410,Lori Campbell,jennifer72@roberson.com,2025-06-20
411,John Ramirez,yalexander@hotmail.com,2023-07-10
412,Kevin Morrison,sue33@bryant-galloway.info,2024-09-01
413,Timothy Webb,angela05@martin.com,2023-10-08
414,Amanda Cummings,jennifer30@gmail.com,2023-11-05
415,Chad Gutierrez,tannerdonaldson@garcia-nichols.org,2025-06-23
416,Melissa Lambert DDS,corycunningham@yahoo.com,2024-09-19
417,Destiny Griffin,mcmahonelizabeth@gmail.com,2023-06-27
418,Cynthia Gates,joe47@butler.com,2023-10-22
419,Rebecca Atkinson,villaanne@lowe-robbins.com,2024-12-06
420,Janet Mcdonald,bschultz@yahoo.com,2023-08-08
421,Kelly Harris,mckayvincent@hotmail.com,2024-01-10
422,Kelly Pratt,vanessaroberts@yahoo.com,2024-05-24
423,Melissa Reeves,rogersgregory@hoffman.com,2024-05-22
424,Brandon Ross,karenwilson@gonzalez.biz,2023-09-11
425,Willie Mejia,nwatkins@gmail.com,2023-08-04
426,Colleen Sanchez,lisa00@fox-nunez.com,2025-04-30
427,Theresa Mayer,michellegordon@davis-miller.com,2024-11-04
428,Dustin Thompson,taylorcarey@simpson-johnson.com,2024-10-23
429,Patricia Stein,fingram@yahoo.com,2024-01-25
430,Christopher Yang,ymarshall@yahoo.com,2023-11-26
431,Shawn Bauer,stacysawyer@lee.com,2023-07-27
432,Maria Yates,nelsondavid@roberts-holloway.com,2024-07-21
433,Pamela Vaughn,ramirezsandra@hotmail.com,2024-02-01
434,Joel Lopez,heatherbrown@santiago-bryant.com,2024-08-12
435,Andrew Hoffman,dthomas@decker.info,2023-08-18
436,Jason Ho,ikemp@hotmail.com,2024-04-09
437,John Summers,alan48@hamilton.com,2024-08-01
438,Courtney Norman,andrewlong@gmail.com,2023-11-13
439,Erik Allen,kevin83@watson.net,2025-02-14
440,Barbara Wilson,toddcynthia@stone.net,2023-10-09
441,Ronald Wade,cpark@hotmail.com,2024-06-04
442,Stephanie Smith,hilltina@fitzpatrick.biz,2024-12-16
443,Justin Richardson,vguerrero@hotmail.com,2023-08-27
444,Michael Brown,fergusonwesley@hotmail.com,2024-08-27
445,Deborah Brown,tmiller@hotmail.com,2025-02-16
446,Sarah Nguyen,colemannicholas@hotmail.com,2025-05-18
447,Eileen Williamson,susan90@gonzalez.com,2024-01-25
448,Mark Jennings,kleincaitlin@fox.net,2023-10-12
449,Richard Farmer,michaelvazquez@yahoo.com,2024-10-18
450,Brad Dudley,kylewilliams@hotmail.com,2024-01-16
451,Kevin Washington,jzimmerman@yu-phillips.biz,2023-08-03
452,Richard Stout,brookedavis@yahoo.com,2024-08-08
453,Daniel Baker,kmiller@hotmail.com,2024-10-13
454,Chris Wolf,stephenholder@jordan-kelly.biz,2024-06-22
455,Laura Hogan,keithperez@ray-may.com,2024-10-13
456,Alexis Young,whitesteven@anderson.com,2025-04-03
457,Jessica Rodriguez,youngsusan@rose.info,2024-05-23
458,Paul Jones IV,williamsjohn@yahoo.com,2023-09-26
459,Kimberly Bartlett,lisakent@harris.org,2024-10-31
460,Mr. Kevin Moore Jr.,jonesdonna@murphy-richardson.org,2023-09-19
461,Thomas Carr,tjohnson@dorsey-ruiz.net,2024-09-02
462,Emily Moore,hmcdonald@yahoo.com,2025-06-24
463,Austin Alvarez,kimberly75@gmail.com,2024-09-30
464,Benjamin Phillips,reedbrandy@beck.com,2024-03-07
465,Wayne Escobar,timothyanderson@gmail.com,2024-09-09
466,Brenda Howell,steelenicholas@gmail.com,2024-09-15
467,Danielle King,angelajones@mitchell-pierce.com,2024-04-20
468,Kelly Ortega,fgardner@hotmail.com,2023-07-21
469,Robert Stevens,prattmichele@yahoo.com,2024-01-26
470,Joy Price,michelleblair@gmail.com,2023-11-16
471,Janice Pacheco,nicolenelson@hotmail.com,2025-04-07
472,John Mitchell,wbrock@travis.com,2024-10-29
473,William Wilson,jonesdaniel@gmail.com,2025-02-17
474,Joseph Walker,sean93@hernandez.com,2025-03-04
475,Eric Carter,jjohnson@olsen.biz,2025-04-25
476,Jordan Mitchell,jmclean@townsend.com,2023-12-20
477,Cory Weaver,alisonbutler@gmail.com,2025-03-14
478,William Williams,elizabethgriffin@lee.biz,2023-08-24
479,Alexander Hernandez,leonardchristopher@lewis.com,2023-08-02
480,Andrew Rogers,mendozadeborah@yahoo.com,2025-06-05
481,Kevin Bailey,christina95@butler.com,2024-08-03
482,Kimberly Anderson,jbrown@daugherty.com,2023-12-04
483,Michelle Bryant,lwebb@davis.org,2023-11-11
484,Audrey Wagner,denisemartin@thomas.com,2024-12-07
485,Anthony Gordon MD,wjackson@yahoo.com,2024-12-10
486,James Brown,kathryn61@gmail.com,2024-08-12
487,Chelsea Fowler,emendoza@orozco-boyd.com,2023-10-05
488,Courtney Smith,christopher71@lee.com,2023-12-24
489,Steven Smith,johnmendoza@yahoo.com,2024-01-02
490,Kathryn Potts,sandersrobert@mcneil.biz,2024-10-25
491,Timothy Dominguez,travisgarza@gmail.com,2024-08-11
492,Michael Davis,jenniferchoi@gmail.com,2024-08-25
493,James Griffith,lisamonroe@cooke.org,2024-08-18
494,Sherry Wilson,xpacheco@gmail.com,2024-08-03
495,Anthony Macdonald,gillespiepaul@rivas.info,2024-04-20
496,Kim Burgess,jjohnson@green.com,2023-11-03
497,Brandon Rangel,lewisanne@sanders.com,2025-03-03
498,Ashley Phillips,wallrobert@miller-mills.com,2023-12-07
499,Cory Mclaughlin,gordonmeghan@yahoo.com,2024-02-29
500,Kelly Greene,kylemartin@moore-thompson.org,2024-04-17
501,Curtis Martin,jackflores@hill.com,2023-07-11
502,Emily Colon,ybowman@hotmail.com,2025-02-15
503,Joseph Williams,gporter@yahoo.com,2024-09-13
504,Desiree Gray,patty67@yahoo.com,2024-04-04
505,Shelly Moore DVM,lisa63@gmail.com,2024-11-20
506,Emma Williams,matthewwagner@aguirre-donaldson.info,2023-08-13
507,Tammy Rivers,mendezomar@gmail.com,2025-04-24
508,Peter Smith,jthomas@hotmail.com,2023-12-07
509,Matthew Mitchell,paulgomez@odom.net,2025-05-03
510,Daniel Wood,iphillips@gmail.com,2024-01-15
511,Jennifer Mann,bmartinez@gmail.com,2024-02-08
512,John Bolton,pbell@klein.com,2025-01-10
513,Kelly Smith,marcussimpson@murphy.com,2024-02-11
514,Andrew Sanchez,marybrown@yahoo.com,2024-02-23
515,Rachel Castro,chadsnyder@wilkins.com,2024-01-17
516,Martha Logan,shellyclark@hotmail.com,2025-06-01
517,Michael Franklin,charles05@gmail.com,2025-04-23
518,Amanda Smith,ashley92@yahoo.com,2023-10-14
519,Alexandra Campbell,egonzalez@hotmail.com,2023-11-05
520,Tonya Bell,crystalbanks@jones-burnett.com,2025-04-01
521,Joseph Taylor,rushernest@yahoo.com,2024-08-27
522,Jean Berry,courtney96@white.biz,2024-09-11
523,Susan Quinn,mooreconnie@gmail.com,2024-04-22
524,Elizabeth Diaz,fitzgeraldjohn@gmail.com,2024-10-01
525,Brian Navarro,jenkinsbill@yahoo.com,2024-10-25
526,Robert Pope,william78@west.com,2024-08-26
527,Patricia Bass,lbarker@yahoo.com,2025-06-06
528,Rodney Benitez,leblancmelissa@gmail.com,2024-02-15
529,Jacob Morgan,jjohnson@smith.com,2025-04-10
530,Amanda Moore,mark49@ruiz.com,2024-08-21
531,Kyle Flores,reyesralph@guerrero.com,2023-10-31
532,Karen Freeman,nealmark@hotmail.com,2024-10-29
533,Jason Holmes,jamessmith@hotmail.com,2024-09-17
534,Charles Parrish,jessicaross@sweeney.net,2024-05-28
535,Amy Sims,brownamanda@gmail.com,2024-02-27
536,Levi Moore,fmccarthy@gutierrez.net,2024-01-05
537,Nicholas Hamilton,julie59@green-ford.net,2023-11-24
538,Beverly Cooper,simmonstina@glover.biz,2025-06-18
539,Jacob Pena,williamsmitchell@levy-weaver.net,2023-06-27
540,Karen Marshall,etate@perkins-fields.com,2023-11-05
541,Anthony Wells,brettphillips@richardson.com,2024-10-08
542,Todd Brown,bryan53@yahoo.com,2023-08-12
543,James Price,floresangela@rodriguez.com,2023-08-29
544,Gina Morgan DVM,georgejames@potter-lee.com,2024-02-26
545,Joann Singleton,ythompson@gonzalez-mason.com,2023-12-15
546,Steven Tran,burnsrose@whitaker.com,2024-03-11
547,Rose White,btanner@cross.net,2025-03-23
548,Aaron Ortiz,rsteele@hotmail.com,2024-04-22
549,Todd Paul,jillmoreno@hotmail.com,2024-01-31
550,Roberto Liu,chavezshelley@gmail.com,2023-09-19
551,Nicole Smith,johnsonelizabeth@gmail.com,2025-06-22
552,Alexandra Stone,yburton@lane.com,2024-05-05
553,Melissa Carter,atkinsonbrian@hotmail.com,2024-11-02
554,Gabriel Gray MD,zedwards@miller.com,2023-07-31
555,Alexis Edwards,christiegates@hotmail.com,2024-05-16
556,Erik Cannon,jeffreytodd@gmail.com,2024-07-28
557,Beth Nguyen,xanderson@cabrera.org,2025-02-09
558,Curtis Cunningham,leslie79@franklin.biz,2023-09-01
559,Susan Walsh,smithkayla@gmail.com,2024-02-07
560,Hailey Cortez,randy95@yahoo.com,2024-12-31
561,Todd Miller,barbarawilson@gmail.com,2025-04-18
562,Chelsea Robbins,karenkent@hotmail.com,2023-08-28
563,Michael Madden,yandrews@nelson-miller.com,2023-10-06
564,Alan Turner,lisawarner@hotmail.com,2024-10-01
565,Crystal Harrison,matthewcross@miller.info,2024-09-30
566,Christopher Scott,abigailwhite@moore.net,2023-07-11
567,Alyssa Ballard,rberger@collins-miller.com,2024-05-31
568,Jason Hunter,qmelton@hotmail.com,2024-07-17
569,Tony Johnson,sanchezamanda@walker.net,2024-10-11
570,Jennifer Barrera,davidmiller@gmail.com,2024-09-09
571,Robert Contreras,chayes@richard.net,2024-01-05
572,Ronald Jones,ellisterri@hotmail.com,2024-02-10
573,Chelsea Bates,patrick95@hotmail.com,2024-02-04
574,Cory Rodriguez,gonzalesmichael@bryan.info,2025-02-08
575,Elizabeth Leach,heidi08@hotmail.com,2023-12-27
576,Stephanie Thompson,janet52@gmail.com,2025-01-25
577,Courtney Adams,mnguyen@gmail.com,2025-05-25
578,Charles Rodriguez,nancywhite@kelly.com,2025-01-23
579,Tanya Andrews,kristenlong@hotmail.com,2025-04-09
580,Susan Powell,warnerdonald@hebert.biz,2023-10-15
581,Thomas Smith,dflores@yahoo.com,2024-02-13
582,Craig Garcia,susan27@silva-rich.com,2025-01-21
583,Lisa Davila,cthomas@yahoo.com,2023-09-10
584,Kevin Garcia,ericdavis@hotmail.com,2023-12-22
585,Timothy Brown,howardjon@ward.com,2024-03-13
586,George Thomas,qjohnson@white.net,2025-06-06
587,Jose Wood,wmoore@cooper.com,2024-10-05
588,Terri Perez,eserrano@yahoo.com,2024-08-03
589,Gabriel Shelton,abutler@hotmail.com,2024-04-28
590,Veronica Adams,heathervance@carpenter.com,2023-08-01
591,Amanda Davenport,lisaskinner@key.com,2024-11-21
592,Cameron Curtis,kingvictoria@hotmail.com,2024-04-22
593,Monique Lewis,melissa53@torres.com,2023-11-03
594,Gerald Chavez,michelle69@gmail.com,2023-11-18
595,Jade Hurley,eaguilar@hotmail.com,2023-07-11
596,Ashley Herrera,lyonslynn@powell-hernandez.com,2024-01-10
597,Ellen White,dickersoncourtney@watson-reid.info,2025-02-19
598,Daniel Long,allison48@walker.net,2024-12-28
599,Cindy Becker,melissa29@espinoza-diaz.com,2025-05-21
600,Karen Weiss,ashleycastro@powers-dunlap.com,2024-01-26
601,Amanda Hawkins,cynthiaoliver@hotmail.com,2024-11-26
602,Heather Hoffman,erin27@gmail.com,2024-08-10
603,Zachary Martin,kchristian@kelley-ingram.net,2023-08-15
604,Laurie Mitchell,davidgeorge@best.com,2025-01-31
605,Kenneth Hurst,ryan69@yahoo.com,2024-08-25
606,Benjamin Stewart,robertsjoel@gmail.com,2025-01-02
607,Stephen Romero,ojones@gmail.com,2024-09-15
608,Keith Mullins,brittanywilson@yahoo.com,2023-12-02
609,Megan Gonzales,urussell@gmail.com,2025-01-08
610,Jacob Rodriguez,ojoyce@gmail.com,2024-01-03
611,Anthony Clark,sherriclark@yahoo.com,2025-06-17
612,Michael Juarez,maria52@blair.com,2024-07-24
613,Ellen Lindsey,david65@gmail.com,2024-05-11
614,Mrs. Pamela Berry DDS,williambailey@yahoo.com,2024-01-27
615,Kristy Miller,igonzales@gmail.com,2024-12-16
616,Anthony Jones,laneheather@harding-rodriguez.org,2023-07-14
617,Jason Peterson,forbesmary@mcgee.net,2023-07-30
618,Laura Martinez,joseowens@yahoo.com,2024-12-22
619,Andrea Lara,theresagonzalez@woodard.org,2024-01-03
620,Thomas Knox,hrandall@hotmail.com,2025-02-22
621,Maria Cameron,greenhannah@farrell.net,2025-01-18
622,Jeanne Myers,xkrueger@davis.com,2025-01-06
623,Alice Herrera,markmeyers@hotmail.com,2024-03-07
624,Austin Johnson,carol89@gmail.com,2023-09-20
625,Marcus Smith,laura06@swanson.com,2023-07-13
626,Anthony Jones,martinrobert@hotmail.com,2024-08-12
627,Amanda Williams,phillipbrady@king.org,2024-09-05
628,Ashley Hamilton,yjohnson@yahoo.com,2025-03-21
629,Alexis Wilson,johnsonwilliam@harris.org,2024-01-12
630,Casey Ellis,cherrybarry@hotmail.com,2024-04-02
631,David Berry,james10@werner.com,2024-01-04
632,Melissa Hunter,nallen@hotmail.com,2023-08-19
633,Dr. Melissa Robinson MD,jerry62@gmail.com,2025-04-23
634,Elizabeth Obrien,breweralexander@hotmail.com,2023-12-04
635,Jeremy Heath,toddwilliams@brown.info,2023-09-28
636,Edward Brock,alexanderamanda@gmail.com,2023-10-29
637,Shannon Miller,fernandezjennifer@robinson.org,2023-10-10
638,Thomas Dennis,tina06@hotmail.com,2023-08-30
639,Andrea Estrada,jasonblake@yahoo.com,2023-07-18
640,Matthew Hunter II,zcochran@smith.com,2025-05-25
641,Alisha Carpenter,marklang@yahoo.com,2025-04-10
642,Scott Tyler Jr.,amandaguerrero@hotmail.com,2025-01-13
643,Elizabeth Carroll,tammy05@hotmail.com,2025-02-10
644,Peter Kim,gdavis@davis.com,2025-05-06
645,Jessica Burke,gdonovan@mccullough-brennan.com,2024-11-30
646,Kim Goodwin,tfuller@torres-tran.org,2023-07-09
647,Susan Orr,marcia96@thompson.net,2025-05-06
648,Leslie Smith,ingramlauren@gmail.com,2023-09-30
649,Jean Mcdonald,ganderson@hotmail.com,2024-11-30
650,Kristen Sosa,xanderson@gmail.com,2023-12-11
651,Crystal Bray,audrey49@rocha.org,2024-08-13
652,Christopher Oliver,calhoundonald@gmail.com,2024-01-24
653,Evelyn Dickson,justinharper@melendez.com,2025-03-31
654,Jenna Harrison,daughertynoah@hotmail.com,2024-11-06
655,Vincent Wright,kevinbrown@fuentes.com,2024-05-03
656,Gregory Harris,bward@hotmail.com,2024-06-01
657,Thomas Lopez,amanda59@martinez.com,2023-11-16
658,Ryan Thompson,abigail82@hubbard-scott.com,2025-04-01
659,Lauren Velazquez MD,kevin89@bean-harris.com,2025-05-04
660,Diane Lopez,emmawells@gmail.com,2025-04-02
661,Michael Travis,vmartin@yahoo.com,2025-03-04
662,Matthew Barron,yateswilliam@yahoo.com,2025-04-23
663,Linda Wang,lindsay11@yahoo.com,2023-12-31
664,Connor Thomas,erika97@foley-bowen.com,2025-06-12
665,Hannah Arnold,vguzman@hotmail.com,2024-07-27
666,Mark Brown,thomasjacob@williams-martinez.com,2023-06-25
667,Steven Delgado,lrobinson@yahoo.com,2025-06-15
668,Jennifer Daniels,ggreen@sanchez.com,2024-10-02
669,Jose Ryan,cynthiaskinner@hotmail.com,2023-08-07
670,Randy Cox,lrobertson@todd-smith.com,2024-07-28
671,Kathleen Levy,crawforddillon@hotmail.com,2024-08-16
672,Edward Keller,lewissabrina@gmail.com,2025-01-29
673,Megan Vaughn MD,whitecynthia@nichols-smith.biz,2024-02-16
674,Lee Barnett,richardbutler@yahoo.com,2024-01-17
675,Jennifer Douglas,robinmassey@hotmail.com,2024-11-29
676,Frank Harris,sueprice@rodriguez.info,2023-10-21
677,James Nunez,dthomas@roberts.com,2024-03-31
678,Robin Valentine,morganlyons@anderson.com,2025-05-14
679,Melody Christensen,sfuller@green.com,2024-04-10
680,Catherine Summers,xdavis@hotmail.com,2024-11-16
681,David Thomas,justin70@gmail.com,2023-12-17
682,Luke Hamilton,saraedwards@yahoo.com,2024-04-07
683,Jessica Vazquez,gmorrison@yahoo.com,2024-10-10
684,Christopher Jacobson,briancosta@hotmail.com,2024-10-02
685,Wendy Ortiz,williamsjohn@yahoo.com,2025-06-21
686,Mariah Francis,pbaker@castro.net,2025-06-19
687,Jason Garcia,randolphperry@yahoo.com,2023-09-29
688,John Mclaughlin,kellymadeline@swanson-ramsey.org,2023-10-11
689,Ryan Lopez,mirandaroy@hotmail.com,2024-05-10
690,Matthew Wilson,janeanderson@yahoo.com,2024-09-10
691,Antonio Oneill,lsmith@yahoo.com,2025-02-10
692,Cheryl Griffin,nsmith@day.biz,2025-01-25
693,Timothy Johnson,megan18@barajas.com,2023-09-23
694,Brad Hunter,janet08@lutz.com,2024-06-14
695,Jennifer Leonard,meganlucas@bray.com,2024-08-31
696,Antonio Anderson,kayla30@hotmail.com,2023-11-07
697,Crystal Garcia,millerjason@yahoo.com,2023-12-21
698,Jacob Rogers,kelliemartinez@johnson-thornton.org,2025-04-20
699,Stephanie Durham,cmclaughlin@hotmail.com,2024-08-30
700,Alex Fleming,christine03@gmail.com,2023-11-16
701,Christopher Davidson,breannaphillips@swanson.com,2025-06-06
702,Molly Brewer,emeyer@gmail.com,2023-08-20
703,Matthew Dennis PhD,weeksamy@yahoo.com,2024-07-01
704,Donald Bell,sethgilbert@wright.info,2025-02-11
705,James Kirby,ethanfreeman@anderson.com,2023-07-22
706,Jeremiah Mclean,mmartinez@moore.com,2025-03-05
707,Manuel Burgess,antoniolong@yahoo.com,2024-12-21
708,Carrie Davis,matthewparker@sullivan.com,2023-12-24
709,Jill Harris,wgarcia@yahoo.com,2025-02-13
710,Cody Gonzalez,cameron21@benton.com,2023-07-27
711,Jenna Porter,jodi07@schmitt-hubbard.info,2025-02-07
712,Rachel Fernandez,brooksanthony@hotmail.com,2023-07-02
713,Taylor Scott,mooretyler@garza.org,2025-05-03
714,Ashley Moore,schaeferkimberly@hotmail.com,2024-09-16
715,Christopher Campbell,zwelch@kelly-butler.biz,2025-01-14
716,Mark Smith DDS,isaac76@yahoo.com,2023-11-28
717,Anthony Fleming,heatheranderson@hotmail.com,2023-08-03
718,Christopher Salazar,mckenziehaley@gmail.com,2023-07-30
719,Thomas Torres,fosteremily@yahoo.com,2024-11-09
720,Karen Burnett,josephmyers@yahoo.com,2025-04-10
721,Nicholas Peters,walternathan@gmail.com,2024-02-15
722,Stefanie Salazar,michaelhicks@herrera.com,2024-02-19
723,Maria Bailey,edwardsbrian@gmail.com,2025-06-13
724,Kevin Pace,wendybolton@arnold.net,2024-12-09
725,Joanne Little,rodriguezalexander@yahoo.com,2023-07-19
726,Troy Russo,andrewmorrow@gmail.com,2024-05-23
727,Mark Murphy,mccoygloria@andrews.biz,2025-02-19
728,Michael Barron,alyssaberger@yahoo.com,2024-01-03
729,Rose Diaz,harrisonedward@howard-bennett.net,2024-07-23
730,Nathan Johnson,operkins@moore-villa.com,2024-05-16
731,Kari Grant,hbeltran@jordan.com,2024-01-03
732,Holly Spencer,benjaminmedina@nguyen.net,2025-03-25
733,Peter Newton,kristina88@yahoo.com,2024-01-08
734,Mindy Prince,alan37@hotmail.com,2025-03-23
735,Elizabeth Baker,juan54@hotmail.com,2023-09-11
736,Benjamin Montgomery,tony92@padilla.com,2024-04-22
737,Daniel Jackson,harrisontammy@henderson-curry.com,2024-08-17
738,Cory Lewis,rogerhoffman@gibson.com,2024-02-02
739,James Williams,jenniferbartlett@miller.net,2024-04-01
740,Jose Bowman,sanderscorey@gmail.com,2023-10-15
741,Tammy Moore,danielreyes@hotmail.com,2023-11-02
742,Sarah Petty,roydodson@hardy-pace.com,2024-11-14
743,Nicholas Eaton,iramirez@yahoo.com,2025-05-13
744,Julia Vang,xchristensen@yahoo.com,2024-01-02
745,Dr. Travis Drake DVM,rhonda08@flores.com,2023-11-13
746,Emily Bray,vwarren@gmail.com,2023-11-05
747,Nicolas Newman,john71@gmail.com,2025-05-21
748,Tammy Murray,vmoses@hotmail.com,2025-03-27
749,Vincent Allen,debra58@yahoo.com,2024-10-10
750,Sara Randall,daltonmyers@alexander.org,2024-06-30
751,Jerry Collins,richarddevin@lynch.org,2023-11-27
752,Elizabeth Kelley,helen76@burch.com,2024-03-27
753,David Huang,xsmith@yahoo.com,2024-01-03
754,Yvonne Cervantes,mackenzieflores@yahoo.com,2025-01-17
755,Stacey Whitaker,ashleynewton@bailey.biz,2024-06-13
756,Kevin Kim,richardsondarren@yahoo.com,2025-05-06
757,Matthew Jordan,riverszachary@yahoo.com,2024-05-01
758,Jacob Smith,ynichols@luna.biz,2024-12-18
759,Heidi Clark,william27@reynolds.com,2023-08-14
760,Ryan Guerrero,bwatkins@watson.biz,2023-07-30
761,Tina Estrada,schultzdeanna@lopez.org,2024-12-01
762,Justin Vega,debbiesnow@padilla.com,2023-11-10
763,Terry Bush,tanyahorton@bishop.com,2023-10-22
764,Samantha Watson,jacksonchristopher@ballard.com,2024-02-06
765,Gary Duncan DDS,nperez@rose.com,2023-11-14
766,Jennifer Jones,ystone@walsh-fernandez.com,2023-12-24
767,Austin Hamilton,sarahbaldwin@hotmail.com,2024-07-23
768,Brittany Wright,charles66@gmail.com,2025-01-17
769,Dr. Michele Carter DDS,nicholasandrade@watson.com,2023-10-13
770,Deborah Smith,hwhite@silva.com,2024-10-07
771,Margaret Gomez,fernando51@gmail.com,2025-04-27
772,Sonya Matthews,mmiller@tate.net,2023-08-31
773,Ms. Erika Lucas,ambergraves@mendez.com,2025-03-10
774,Amanda Hurley,brianbrown@hernandez-morgan.com,2025-02-13
775,Steven Vazquez,phubbard@greer.com,2024-03-04
776,Kyle Herrera,ryanthomas@robbins.com,2024-11-30
777,William Hull,claire94@hotmail.com,2024-12-14
778,Richard Greer,nancylyons@yahoo.com,2023-12-24
779,Nichole Moore,joshuacoleman@yahoo.com,2024-06-04
780,Melissa Shaw,caitlin01@hotmail.com,2025-06-16
781,Ian Kirby,garzajennifer@yahoo.com,2024-07-25
782,Jaclyn Velez,logansingleton@yahoo.com,2024-12-08
783,Kevin Moran,tammyhicks@diaz.com,2024-05-05
784,Kyle Sanchez,ronaldhenry@hotmail.com,2025-01-02
785,George Lucas,hickmanalan@lopez-le.com,2023-08-26
786,William Hudson,zjohnson@williams.com,2024-09-02
787,Brandy Hughes,sbradford@yahoo.com,2025-03-10
788,Dillon Garcia,evan24@gmail.com,2024-09-15
789,Mark Harris,zscott@walton-robinson.info,2024-02-08
790,Ryan Hess,donaldharris@hotmail.com,2023-11-08
791,Kenneth Black,cynthia56@wang.net,2024-01-14
792,Dr. John Mcgrath,dorislittle@hotmail.com,2024-07-04
793,Laura Rose,whitegary@savage.net,2023-11-28
794,Sandra Daniels,roger47@burns.com,2024-12-10
795,Alan Velasquez,kristibenson@yahoo.com,2024-03-06
796,Robert Walls,raymond20@lawrence-rodriguez.com,2025-04-16
797,Nancy Richardson,murraycharlene@gmail.com,2025-03-04
798,Angela Lewis,villarrealbrianna@hotmail.com,2023-09-18
799,Jessica Lopez,amandawells@hotmail.com,2024-03-09
800,Rachel Snyder,marshalljason@yahoo.com,2024-07-02
801,Jennifer Hicks,xbarrett@yahoo.com,2025-06-12
802,Casey Gonzales,pchen@gmail.com,2025-02-15
803,Allen Thompson,dperkins@fields-craig.net,2024-08-22
804,Candice Holmes,albert07@yahoo.com,2024-12-17
805,Rhonda Wood,russoallison@yahoo.com,2023-07-20
806,Charles French,qrodriguez@hall-hamilton.org,2025-06-15
807,Sydney Hughes,ocortez@gmail.com,2025-04-04
808,Mark Davis,jamescastro@smith-moore.com,2025-01-25
809,Bradley Miller,kimberlyhess@burgess-murphy.biz,2025-06-10
810,Brandon Shepard,jonesjustin@yahoo.com,2024-09-09
811,James Morris,hallstephanie@morris-ryan.com,2023-06-30
812,Jeremy Schwartz,annegraves@rodriguez-velasquez.net,2025-05-27
813,Brian Shaw,xtorres@yahoo.com,2024-01-07
814,Christopher Boyd,nathanjones@kim.com,2024-01-01
815,Danielle Brown,misty78@gmail.com,2024-05-18
816,Pamela Berry,fpena@yahoo.com,2024-08-08
817,David Salinas,steven39@yahoo.com,2025-01-14
818,Brittany Adkins,bestjacob@hotmail.com,2024-06-04
819,Marilyn Day,osbornkayla@martin.biz,2024-08-28
820,Sarah Jennings,johnwells@fisher-mccormick.biz,2024-09-01
821,Jennifer Jones,angela82@yahoo.com,2024-08-01
822,Matthew Smith,ifloyd@yahoo.com,2024-04-23
823,Samuel Harrison,nancy46@perez.com,2023-10-18
824,Shannon Lee,zsmith@hotmail.com,2023-07-14
825,Bryan Hernandez,bryanrebekah@smith-jenkins.org,2025-05-11
826,Hannah Mcconnell,callahanjustin@sanchez.com,2025-04-09
827,Todd Rodgers,jeanne06@torres-nichols.org,2023-08-02
828,Edward Harris,anne54@johnson-park.com,2024-01-29
829,Walter Martin,leah10@gmail.com,2023-07-21
830,Richard Bender,donald53@gmail.com,2024-04-01
831,Brandon Wilson,hwilliams@hamilton-calderon.org,2024-12-20
832,Casey Collier,jhess@yahoo.com,2023-12-02
833,Ricky Williams,tamarasmith@yahoo.com,2024-01-30
834,Jorge Rodriguez,henryvega@gmail.com,2025-06-10
835,Kyle Johnson,nicholscarl@yahoo.com,2025-06-11
836,Wayne Caldwell,iwilliamson@rodriguez.org,2025-02-10
837,David Powell,dlivingston@hotmail.com,2025-04-25
838,Charles Daniels,hcharles@sharp.com,2023-06-25
839,Michael Smith,boothvictor@hotmail.com,2024-01-03
840,Molly Solis,ajohnson@ballard.com,2024-08-03
841,Jennifer Elliott,kelly18@gmail.com,2024-09-17
842,Sierra Gomez,christophersmith@hotmail.com,2024-03-07
843,Cristian Knapp,greenesabrina@martinez-padilla.com,2023-09-25
844,Mrs. Julie Bishop,ucox@grimes.org,2023-08-08
845,Tammy Andrews,derek70@hall.com,2023-06-30
846,William Riley,randall55@bailey.info,2025-06-09
847,Linda Brooks,marc73@yahoo.com,2025-02-06
848,Jonathan Bailey,merediththompson@page.info,2024-04-03
849,Jill Graham,simserica@vega-craig.com,2024-11-10
850,Karen Richardson,karenhays@lee-smith.com,2024-11-17
851,Mr. James Robertson,mcdonaldderek@singh-williams.info,2025-01-20
852,Mckenzie Moon,johndelgado@hotmail.com,2024-02-18
853,Alexis Johnson,linda88@clements.com,2024-11-17
854,Richard Moore,gregoryforbes@young-espinoza.info,2024-12-04
855,Jason Smith,benjaminmiller@yahoo.com,2024-02-16
856,Nicole Perkins,lisaburgess@gmail.com,2024-01-12
857,Nicole Walker,dominguezthomas@jones-rose.com,2024-12-15
858,Jeffrey Green,kelsey01@hotmail.com,2024-08-08
859,Julie Hess,hrose@thomas-forbes.biz,2023-11-11
860,Albert Nichols,pdiaz@nguyen.com,2024-07-20
861,Carolyn Harding,sheila83@yahoo.com,2024-08-12
862,Jamie Robinson,ashleyjones@smith.com,2023-08-17
863,Kara Anderson,creed@barnett-rodriguez.com,2025-01-29
864,Crystal Hester,joshua33@cooper.com,2023-08-29
865,Joseph Arellano,ginadavis@gmail.com,2023-07-26
866,Mark Roberts,krausedavid@yahoo.com,2024-10-11
867,Christopher Gonzalez,traci08@yahoo.com,2025-06-22
868,William Mathis,allisonleblanc@abbott.com,2024-06-14
869,Mr. Ryan Thomas Jr.,gonzalezbrittany@manning.info,2023-06-30
870,Bobby Mcdonald,alanallen@hotmail.com,2025-01-01
871,Brent Chavez,peterslindsay@brown.biz,2024-08-10
872,Matthew Butler,jameswilliams@mitchell.com,2024-07-18
873,Joseph Kim,jonesjared@sullivan-barrera.net,2024-07-07
874,Jesus Nguyen III,williamslogan@dennis.info,2024-01-22
875,Robert Clark DVM,shane90@hicks.net,2024-07-13
876,Benjamin Watkins,rcopeland@lyons-bennett.org,2023-08-31
877,Cathy Craig,hunterjennifer@hotmail.com,2023-10-08
878,Miss Brandy Benjamin,anthony91@hotmail.com,2024-04-07
879,Anne Burke,jill31@frost-bridges.com,2025-06-12
880,Donna Daniels,rangelalan@moran.com,2023-10-18
881,Thomas Thomas,wdyer@johnson.info,2024-09-14
882,Paul Smith,csmith@yahoo.com,2024-06-13
883,Steven Davis,patrickmahoney@pham.net,2023-07-22
884,Dustin Mccarthy,gpalmer@gmail.com,2025-04-10
885,Christopher Taylor,bhuynh@gmail.com,2024-01-30
886,Christopher Delgado,sarahhawkins@porter.info,2025-06-03
887,Roy Powell,johnsonjames@hotmail.com,2025-02-10
888,Karen Harris,cbarnes@yahoo.com,2025-04-07
889,Richard Gomez,wrightkimberly@patel-ponce.com,2025-04-17
890,Jerome Gardner,reyesjeremy@gmail.com,2023-09-20
891,Daniel Fisher,brodriguez@gmail.com,2023-08-12
892,Heather Henry,thomasnathan@yahoo.com,2024-01-09
893,Lisa Tucker,fjones@yahoo.com,2025-05-31
894,Antonio Bradley,james58@gmail.com,2025-02-16
895,Frank Moran,jason54@gmail.com,2023-08-02
896,Kimberly Henderson,vdawson@buchanan.info,2025-03-20
897,Tracy White,nixonhunter@gmail.com,2024-09-26
898,Nicholas Cruz,dreese@hancock.net,2023-07-04
899,Elizabeth Phillips,thomasjennings@gmail.com,2024-08-27
900,Christina Dean,agrant@hale.com,2024-05-16
901,Lindsey Dunn,meganrios@burton.info,2025-01-01
902,Raymond Lewis,kenneth03@yahoo.com,2025-05-09
903,Robert Payne,lopezpaul@harding.biz,2023-07-17
904,Pamela Henderson,ashleymcclain@gmail.com,2023-09-24
905,Brian Kemp,amber40@patterson-navarro.org,2024-10-21
906,David Allen,ilewis@wilson.biz,2024-01-13
907,Alex Smith,andrea11@yahoo.com,2024-09-05
908,Raymond Collins,kstrong@wagner-watson.info,2024-06-15
909,Dennis Little,cochranderrick@nelson-lara.net,2024-12-29
910,Christina Schmidt,kristopher67@thompson.com,2025-05-21
911,Carol Johnson,sean67@fuentes.info,2024-10-08
912,Anthony Grant,sydney54@hotmail.com,2024-01-07
913,Ryan Harris,joanrosales@flynn-campbell.com,2023-11-20
914,Ryan Swanson,thomasjonathan@simpson.net,2024-03-03
915,Adam Williams,jamesoconnor@hotmail.com,2024-03-09
916,Stephen Garcia,gcaldwell@watson-oconnell.com,2025-05-14
917,Ronald Hawkins,agibson@james.com,2025-05-22
918,Laura Underwood,donald46@hotmail.com,2023-07-12
919,Leonard Byrd,laurenvillarreal@hotmail.com,2024-04-11
920,Courtney James,ocastillo@boyer.com,2025-05-12
921,Adriana Wade,danajackson@yahoo.com,2024-01-18
922,Kenneth Wilson,hblack@myers.com,2023-12-21
923,Crystal Wilson,michaelkeith@smith-gonzales.com,2023-08-18
924,Chloe Johnson,carolmccoy@hotmail.com,2024-02-28
925,Michelle Ortega,stewartjill@vasquez.info,2023-11-12
926,James Clarke,steinmaurice@gmail.com,2025-04-09
927,Brandon Burgess,tannergross@gmail.com,2025-02-12
928,Corey Eaton,kelsey84@hotmail.com,2025-03-01
929,Andrew Blair,anthony54@martinez.net,2024-12-21
930,Michele Anderson,herreraheather@hotmail.com,2024-08-18
931,Bryan Smith,archerbridget@martinez-mahoney.net,2024-05-11
932,Andrea Aguilar,joseph15@meyer.info,2024-04-13
933,Christina Frank,robincarter@yahoo.com,2024-03-31
934,Devin Schroeder,hollytodd@terry.biz,2024-07-15
935,Stephen Green,nicholsheidi@gmail.com,2025-05-20
936,Jason Allen,walkercaitlin@gmail.com,2025-01-22
937,Calvin Smith,sabrinagarcia@yahoo.com,2023-08-23
938,Brenda Hicks MD,wagnerdavid@martinez.com,2023-07-11
939,Steven Johnson,williampennington@henry.org,2024-06-28
940,Arthur Lewis,qwilliams@hardy.com,2024-10-08
941,Ronald Jensen,katherineali@hotmail.com,2025-02-09
942,Christopher Harrington,erica04@hotmail.com,2023-09-11
943,Anna Ho,gail40@gmail.com,2025-03-08
944,David Mccormick,nsnow@rice-zavala.org,2024-03-02
945,Helen Gallegos,hhayden@martin.com,2025-03-13
946,Richard Parker,jenniferharper@wilson.com,2024-01-11
947,Randall Miller,albert32@morrow.com,2024-02-14
948,Holly Mckee,kelly36@pearson.com,2025-03-10
949,Alec Salinas,lambertdanny@cook-ryan.biz,2024-08-06
950,Margaret Collins,ocaldwell@harrington-figueroa.info,2025-01-10
951,Calvin Young,albertroberts@stewart.biz,2025-04-15
952,Gabrielle Lawrence,michaelschaefer@gmail.com,2023-12-13
953,John Pearson,hansonrachel@yahoo.com,2024-09-29
954,Kathleen Burke,renee13@hotmail.com,2023-07-16
955,Stacey Grant,mckenzieraymond@ho.com,2024-03-30
956,George Walton,vegacaleb@marshall.net,2023-09-12
957,Charles Stevens,markwilliamson@gmail.com,2023-08-12
958,Harold Sanchez,ashleyvincent@hotmail.com,2023-12-26
959,John White,mccallnatasha@gmail.com,2024-01-11
960,Pamela Meyers,david09@smith.com,2023-12-04
961,Charles Anderson,christopherthomas@baker.com,2023-11-05
962,Derrick Bell,parkjames@henson.net,2024-12-02
963,Richard Mcguire,brandywilliamson@chambers.com,2023-11-03
964,Kelsey Jones,sanchezelizabeth@yahoo.com,2024-08-17
965,Ronald Jones,lowerynicole@murphy.com,2023-09-07
966,Tammy Jackson,david88@kennedy.com,2024-10-19
967,Maria Santiago,amandamercado@hotmail.com,2024-06-19
968,Jeffrey Lang,deborah99@smith-smith.com,2025-06-04
969,Jose Brown,njones@sharp.biz,2025-04-22
970,Alexandra Campbell,matthewblack@gmail.com,2023-12-09
971,Alex Jones,kellytara@yahoo.com,2023-10-15
972,Stephanie Chang,hrobertson@hotmail.com,2025-06-17
973,Linda Perkins,bryanhicks@lopez-barber.com,2024-09-01
974,Michelle Johnson,manuel03@hotmail.com,2023-09-09
975,Mrs. Lisa Robbins,mbrown@gmail.com,2024-02-13
976,Mr. Russell Anderson,millereric@yahoo.com,2025-01-17
977,Lisa Howell,katielewis@marshall-boone.com,2025-02-23
978,Lisa Nelson,bergerolivia@green.com,2024-03-25
979,Nicole Reyes,urogers@hotmail.com,2025-03-23
980,Megan Hardin,lawrencealexander@collins.com,2024-02-15
981,Amber Garrison,jonathan80@jordan.com,2025-03-28
982,James Yang,eddielewis@hotmail.com,2024-09-07
983,Steven Luna Jr.,pparrish@hotmail.com,2023-11-07
984,Bradley Brown,carolynhorn@hotmail.com,2024-04-20
985,Kristina Irwin,jessica11@lewis.biz,2023-11-07
986,Andrew Carrillo,hernandezjulia@walsh.com,2023-12-06
987,Anthony Wilson,joseph52@lawson.com,2023-08-04
988,Jessica Davis,wadedean@lester.com,2023-09-25
989,Steven Meyers,michaelacevedo@mullen-townsend.net,2023-07-07
990,John Moore,joelyork@jones-berry.com,2024-04-29
991,Ronald Martin,hgray@hotmail.com,2023-08-25
992,Amanda Lee,jasonhicks@gmail.com,2024-07-16
993,William Griffith,joneseric@santiago.net,2023-09-05
994,Amanda Reyes,wbrown@adams.com,2025-02-15
995,Thomas Nelson,jonathan93@gmail.com,2025-01-01
996,Tracy Sharp,bennettdominique@yahoo.com,2025-06-09
997,Crystal Solis,zphillips@yahoo.com,2023-11-11
998,Nathan Kelly,chad53@nguyen.com,2025-03-14
999,James Contreras,ohernandez@hotmail.com,2023-12-03
1000,Jerry Martinez,lhill@hotmail.com,2024-02-03
